{
  "totalTasks": 50,
  "completedTasks": 50,
  "failedTasks": 0,
  "averageTaskTime": 89383.84872945731,
  "qualityScores": [
    98.83606960449532,
    89.76157708828003,
    92.74019521148007,
    87.32935071324806,
    89.44504251414526,
    94.01952961630627,
    95.50302243095074,
    91.81567829253568,
    99.15536137007146,
    99.66860214167114,
    98.29451730982639,
    88.54904538094733,
    96.76748515066485,
    93.62252204686382,
    96.42947445745443,
    97.21281593224502,
    97.55486602904264,
    90.72480580069295,
    88.79946199225748,
    87.2609039096743,
    92.08338999897796,
    99.41389712035352,
    98.41354734772166,
    86.8793977867157,
    97.64413347574634,
    93.45860737845864,
    97.0867045120128,
    88.24472338588461,
    99.34058258649682,
    99.891400468019,
    98.37526836245095,
    90.07131040879278,
    87.18005865517911,
    94.32726961945146,
    90.08421384729522,
    91.04301141804588,
    87.05158432209794,
    91.48585284246919,
    97.93518970052466,
    91.76856053546467,
    95.88933768849529,
    91.79819789502994,
    96.83187726464146,
    86.5640101593459,
    94.82538431248292,
    85.33152733530346,
    93.57917682912857,
    99.5085571082854,
    92.50020248061456,
    96.63398900297983
  ],
  "agentPerformance": {
    "backend": {
      "tasksCompleted": 6,
      "totalDuration": 489236.2914395304,
      "averageDuration": 81539.3819065884,
      "qualityScores": [
        98.83606960449532,
        88.79946199225748,
        97.0867045120128,
        99.34058258649682,
        94.32726961945146,
        87.05158432209794
      ],
      "successRate": 100
    },
    "code-review": {
      "tasksCompleted": 6,
      "totalDuration": 548772.5968269901,
      "averageDuration": 91462.09947116503,
      "qualityScores": [
        89.76157708828003,
        97.55486602904264,
        90.72480580069295,
        93.45860737845864,
        92.50020248061456,
        96.63398900297983
      ],
      "successRate": 100
    },
    "frontend": {
      "tasksCompleted": 16,
      "totalDuration": 1422158.3114822628,
      "averageDuration": 88884.89446764142,
      "qualityScores": [
        92.74019521148007,
        87.32935071324806,
        89.44504251414526,
        99.15536137007146,
        88.54904538094733,
        93.62252204686382,
        98.41354734772166,
        86.8793977867157,
        90.08421384729522,
        91.48585284246919,
        97.93518970052466,
        95.88933768849529,
        91.79819789502994,
        96.83187726464146,
        94.82538431248292,
        99.5085571082854
      ],
      "successRate": 100
    },
    "devops": {
      "tasksCompleted": 16,
      "totalDuration": 1448897.770882364,
      "averageDuration": 90556.11068014774,
      "qualityScores": [
        94.01952961630627,
        99.66860214167114,
        98.29451730982639,
        96.76748515066485,
        96.42947445745443,
        97.21281593224502,
        87.2609039096743,
        88.24472338588461,
        99.891400468019,
        98.37526836245095,
        90.07131040879278,
        87.18005865517911,
        91.76856053546467,
        86.5640101593459,
        85.33152733530346,
        93.57917682912857
      ],
      "successRate": 100
    },
    "testing": {
      "tasksCompleted": 6,
      "totalDuration": 560127.4658417187,
      "averageDuration": 93354.57764028646,
      "qualityScores": [
        95.50302243095074,
        91.81567829253568,
        92.08338999897796,
        99.41389712035352,
        97.64413347574634,
        91.04301141804588
      ],
      "successRate": 100
    }
  },
  "dailyStats": {
    "2025-08-08": {
      "tasks": 50,
      "completed": 50,
      "failed": 0,
      "averageQuality": 0
    }
  },
  "weeklyTrends": [],
  "lastUpdated": 1754651963239
}